0,0.4668680887382687,0.5,true,7
1,0.5168680887382686,0.504,true,8
2,0.5644449643398756,0.5083999999999999,true,9
3,0.6057126730714215,0.5131999999999999,true,10
4,0.6457126730714216,0.5184000000000001,true,11
5,0.6828824385971245,0.5236,true,12
6,0.7188824385971243,0.5292000000000001,true,13
7,0.7542263617235752,0.536,true,13
8,0.7863643931323763,0.5432,true,14
9,0.8163900878125796,0.5511999999999999,true,17
10,0.8450093219625464,0.5603999999999999,true,18
11,0.8718632017868476,0.5704,true,20
12,0.8969600736878885,0.5804,true,23
13,0.9209600736878885,0.5904,true,25
14,0.9440019901072215,0.6004000000000002,true,25
15,0.9634390784624678,0.6104000000000003,true,25
16,0.9783234765592493,0.6204000000000002,true,25
17,0.9911611357723431,0.6304,true,25
18,0.997422388488635,0.6404,true,25
19,1.0,0.6504000000000001,true,25
20,1.0,0.6604000000000002,true,25
21,1.0,0.6704000000000002,true,25
22,1.0,0.6804000000000002,true,25
23,1.0,0.6904000000000002,true,25
24,1.0,0.7004000000000002,true,25
25,1.0,0.7104,true,25
26,1.0,0.7204,true,25
27,1.0,0.7304000000000002,true,25
28,1.0,0.7404000000000001,true,25
29,1.0,0.7504000000000004,true,25
30,1.0,0.7604000000000005,false,25
31,0.9800000000000003,0.7704000000000003,false,25
32,0.9600000000000005,0.7804000000000003,false,25
33,0.9400000000000002,0.7904000000000002,false,25
34,0.9200000000000003,0.8004000000000002,false,25
35,0.8999999999999997,0.8104,false,25
36,0.8799999999999994,0.8204000000000004,false,25
37,0.8599999999999995,0.8304000000000002,false,25
38,0.8399999999999999,0.8404000000000004,false,25
39,0.8200000000000002,0.8504000000000005,false,25
40,0.8000000000000003,0.8604000000000004,false,25
41,0.7799999999999998,0.8704000000000002,false,25
42,0.7599999999999997,0.8804000000000002,false,25
43,0.7399999999999999,0.8904000000000003,false,25
44,0.7199999999999993,0.9004000000000002,false,25
45,0.6999999999999994,0.9104000000000005,false,0
46,0.6799999999999997,0.9204000000000004,false,0
47,0.66,0.9304000000000003,false,0
48,0.6400000000000001,0.9404000000000005,false,0
49,0.6199999999999993,0.9504000000000005,false,0
50,0.5999999999999996,0.9504000000000005,false,0
51,0.58,0.9504000000000005,false,0
52,0.5599999999999993,0.9504000000000005,false,0
53,0.5399999999999993,0.9504000000000005,false,0
54,0.5199999999999996,0.9504000000000005,false,0
55,0.49999999999999983,0.9504000000000005,false,0
56,0.47999999999999987,0.9504000000000005,false,0
57,0.45999999999999924,0.9504000000000005,false,0
58,0.4399999999999995,0.9504000000000005,false,0
59,0.4199999999999997,0.9504000000000005,false,0
60,0.3999999999999993,0.9504000000000005,true,0
61,0.44999999999999934,0.9504000000000005,true,0
62,0.49999999999999956,0.9504000000000005,true,0
63,0.5499999999999994,0.9504000000000005,true,0
64,0.5999999999999995,0.9504000000000005,true,0
65,0.6499999999999999,0.9604000000000003,true,0
66,0.6999999999999994,0.9664,true,0
67,0.7499999999999999,0.9720000000000003,true,25
68,0.7999999999999996,0.9772,true,25
69,0.8500000000000001,0.9820000000000003,true,25
70,0.8999999999999996,0.9868000000000003,true,25
71,0.9499999999999996,0.9912000000000002,true,25
72,0.9999999999999999,0.9944,true,25
73,1.0,0.9972000000000001,true,25
74,1.0,0.9992000000000002,true,25
75,1.0,1.0,true,25
76,1.0,1.0,true,25
77,1.0,1.0,true,25
78,1.0,1.0,true,25
79,1.0,1.0,true,25
80,1.0,1.0,true,25
81,1.0,1.0,true,25
82,1.0,1.0,true,25
83,1.0,1.0,true,25
84,1.0,1.0,true,25
85,1.0,1.0,true,25
86,1.0,1.0,true,25
87,1.0,1.0,true,25
88,1.0,1.0,true,25
89,1.0,1.0,true,25
90,1.0,1.0,false,25
91,0.9800000000000003,1.0,false,25
92,0.9600000000000005,1.0,false,25
93,0.9400000000000002,1.0,false,25
94,0.9200000000000003,1.0,false,25
95,0.8999999999999997,1.0,false,25
96,0.8799999999999994,1.0,false,25
97,0.8599999999999995,1.0,false,25
98,0.8399999999999999,1.0,false,25
99,0.8200000000000002,1.0,false,25
100,0.8000000000000003,1.0,false,25
101,0.7799999999999998,1.0,false,25
102,0.7599999999999997,1.0,false,25
103,0.7399999999999999,1.0,false,25
104,0.7199999999999993,1.0,false,25
105,0.6999999999999994,1.0,false,0
106,0.6799999999999997,1.0,false,0
107,0.66,1.0,false,0
108,0.6400000000000001,1.0,false,0
109,0.6199999999999993,1.0,false,0
110,0.5999999999999996,1.0,false,0
111,0.58,1.0,false,0
112,0.5599999999999993,1.0,false,0
113,0.5399999999999993,1.0,false,0
114,0.5199999999999996,1.0,false,0
115,0.49999999999999983,1.0,false,0
116,0.47999999999999987,1.0,false,0
117,0.45999999999999924,1.0,false,0
118,0.4399999999999995,1.0,false,0
119,0.4199999999999997,1.0,false,0
120,0.3999999999999993,1.0,true,0
121,0.44999999999999934,1.0,true,0
122,0.49999999999999956,1.0,true,0
123,0.5499999999999994,1.0,true,0
124,0.5999999999999995,1.0,true,0
125,0.6499999999999999,1.0,true,0
126,0.6999999999999994,1.0,true,0
127,0.7499999999999999,1.0,true,25
128,0.7999999999999996,1.0,true,25
129,0.8500000000000001,1.0,true,25
130,0.8999999999999996,1.0,true,25
131,0.9499999999999996,1.0,true,25
132,0.9999999999999999,1.0,true,25
133,1.0,1.0,true,25
134,1.0,1.0,true,25
135,1.0,1.0,true,25
136,1.0,1.0,true,25
137,1.0,1.0,true,25
138,1.0,1.0,true,25
139,1.0,1.0,true,25
140,1.0,1.0,true,25
141,1.0,1.0,true,25
142,1.0,1.0,true,25
143,1.0,1.0,true,25
144,1.0,1.0,true,25
145,1.0,1.0,true,25
146,1.0,1.0,true,25
147,1.0,1.0,true,25
148,1.0,1.0,true,25
149,1.0,1.0,true,25
150,1.0,1.0,false,25
151,0.9800000000000003,1.0,false,25
152,0.9600000000000005,1.0,false,25
153,0.9400000000000002,1.0,false,25
154,0.9200000000000003,1.0,false,25
155,0.8999999999999997,1.0,false,25
156,0.8799999999999994,1.0,false,25
157,0.8599999999999995,1.0,false,25
158,0.8399999999999999,1.0,false,25
159,0.8200000000000002,1.0,false,25
160,0.8000000000000003,1.0,false,25
161,0.7799999999999998,1.0,false,25
162,0.7599999999999997,1.0,false,25
163,0.7399999999999999,1.0,false,25
164,0.7199999999999993,1.0,false,25
165,0.6999999999999994,1.0,false,0
166,0.6799999999999997,1.0,false,0
167,0.66,1.0,false,0
168,0.6400000000000001,1.0,false,0
169,0.6199999999999993,1.0,false,0
170,0.5999999999999996,1.0,false,0
171,0.58,1.0,false,0
172,0.5599999999999993,1.0,false,0
173,0.5399999999999993,1.0,false,0
174,0.5199999999999996,1.0,false,0
175,0.49999999999999983,1.0,false,0
176,0.47999999999999987,1.0,false,0
177,0.45999999999999924,1.0,false,0
178,0.4399999999999995,1.0,false,0
179,0.4199999999999997,1.0,false,0
180,0.3999999999999993,1.0,true,0
181,0.44999999999999934,1.0,true,0
182,0.49999999999999956,1.0,true,0
183,0.5499999999999994,1.0,true,0
184,0.5999999999999995,1.0,true,0
185,0.6499999999999999,1.0,true,0
186,0.6999999999999994,1.0,true,0
187,0.7499999999999999,1.0,true,25
188,0.7999999999999996,1.0,true,25
189,0.8500000000000001,1.0,true,25
190,0.8999999999999996,1.0,true,25
191,0.9499999999999996,1.0,true,25
192,0.9999999999999999,1.0,true,25
193,1.0,1.0,true,25
194,1.0,1.0,true,25
195,1.0,1.0,true,25
196,1.0,1.0,true,25
197,1.0,1.0,true,25
198,1.0,1.0,true,25
199,1.0,1.0,true,25
200,1.0,1.0,true,25
201,1.0,1.0,true,25
202,1.0,1.0,true,25
203,1.0,1.0,true,25
204,1.0,1.0,true,25
205,1.0,1.0,true,25
206,1.0,1.0,true,25
207,1.0,1.0,true,25
208,1.0,1.0,true,25
209,1.0,1.0,true,25
210,1.0,1.0,false,25
211,0.9800000000000003,1.0,false,25
212,0.9600000000000005,1.0,false,25
213,0.9400000000000002,1.0,false,25
214,0.9200000000000003,1.0,false,25
215,0.8999999999999997,1.0,false,25
216,0.8799999999999994,1.0,false,25
217,0.8599999999999995,1.0,false,25
218,0.8399999999999999,1.0,false,25
219,0.8200000000000002,1.0,false,25
220,0.8000000000000003,1.0,false,25
221,0.7799999999999998,1.0,false,25
222,0.7599999999999997,1.0,false,25
223,0.7399999999999999,1.0,false,25
224,0.7199999999999993,1.0,false,25
225,0.6999999999999994,1.0,false,0
226,0.6799999999999997,1.0,false,0
227,0.66,1.0,false,0
228,0.6400000000000001,1.0,false,0
229,0.6199999999999993,1.0,false,0
230,0.5999999999999996,1.0,false,0
231,0.58,1.0,false,0
232,0.5599999999999993,1.0,false,0
233,0.5399999999999993,1.0,false,0
234,0.5199999999999996,1.0,false,0
235,0.49999999999999983,1.0,false,0
236,0.47999999999999987,1.0,false,0
237,0.45999999999999924,1.0,false,0
238,0.4399999999999995,1.0,false,0
239,0.4199999999999997,1.0,false,0
240,0.3999999999999993,1.0,true,0
241,0.44999999999999934,1.0,true,0
242,0.49999999999999956,1.0,true,0
243,0.5499999999999994,1.0,true,0
244,0.5999999999999995,1.0,true,0
245,0.6499999999999999,1.0,true,0
246,0.6999999999999994,1.0,true,0
247,0.7499999999999999,1.0,true,25
248,0.7999999999999996,1.0,true,25
249,0.8500000000000001,1.0,true,25
250,0.8999999999999996,1.0,true,25
251,0.9499999999999996,1.0,true,25
252,0.9999999999999999,1.0,true,25
253,1.0,1.0,true,25
254,1.0,1.0,true,25
255,1.0,1.0,true,25
256,1.0,1.0,true,25
257,1.0,1.0,true,25
258,1.0,1.0,true,25
259,1.0,1.0,true,25
260,1.0,1.0,true,25
261,1.0,1.0,true,25
262,1.0,1.0,true,25
263,1.0,1.0,true,25
264,1.0,1.0,true,25
265,1.0,1.0,true,25
266,1.0,1.0,true,25
267,1.0,1.0,true,25
268,1.0,1.0,true,25
269,1.0,1.0,true,25
270,1.0,1.0,false,25
271,0.9800000000000003,1.0,false,25
272,0.9600000000000005,1.0,false,25
273,0.9400000000000002,1.0,false,25
274,0.9200000000000003,1.0,false,25
275,0.8999999999999997,1.0,false,25
276,0.8799999999999994,1.0,false,25
277,0.8599999999999995,1.0,false,25
278,0.8399999999999999,1.0,false,25
279,0.8200000000000002,1.0,false,25
280,0.8000000000000003,1.0,false,25
281,0.7799999999999998,1.0,false,25
282,0.7599999999999997,1.0,false,25
283,0.7399999999999999,1.0,false,25
284,0.7199999999999993,1.0,false,25
285,0.6999999999999994,1.0,false,0
286,0.6799999999999997,1.0,false,0
287,0.66,1.0,false,0
288,0.6400000000000001,1.0,false,0
289,0.6199999999999993,1.0,false,0
290,0.5999999999999996,1.0,false,0
291,0.58,1.0,false,0
292,0.5599999999999993,1.0,false,0
293,0.5399999999999993,1.0,false,0
294,0.5199999999999996,1.0,false,0
295,0.49999999999999983,1.0,false,0
296,0.47999999999999987,1.0,false,0
297,0.45999999999999924,1.0,false,0
298,0.4399999999999995,1.0,false,0
299,0.4199999999999997,1.0,false,0
300,0.3999999999999993,1.0,true,0
301,0.44999999999999934,1.0,true,0
302,0.49999999999999956,1.0,true,0
303,0.5499999999999994,1.0,true,0
304,0.5999999999999995,1.0,true,0
305,0.6499999999999999,1.0,true,0
306,0.6999999999999994,1.0,true,0
307,0.7499999999999999,1.0,true,25
308,0.7999999999999996,1.0,true,25
309,0.8500000000000001,1.0,true,25
310,0.8999999999999996,1.0,true,25
311,0.9499999999999996,1.0,true,25
312,0.9999999999999999,1.0,true,25
313,1.0,1.0,true,25
314,1.0,1.0,true,25
315,1.0,1.0,true,25
316,1.0,1.0,true,25
317,1.0,1.0,true,25
318,1.0,1.0,true,25
319,1.0,1.0,true,25
320,1.0,1.0,true,25
321,1.0,1.0,true,25
322,1.0,1.0,true,25
323,1.0,1.0,true,25
324,1.0,1.0,true,25
325,1.0,1.0,true,25
326,1.0,1.0,true,25
327,1.0,1.0,true,25
328,1.0,1.0,true,25
329,1.0,1.0,true,25
330,1.0,1.0,false,25
331,0.9800000000000003,1.0,false,25
332,0.9600000000000005,1.0,false,25
333,0.9400000000000002,1.0,false,25
334,0.9200000000000003,1.0,false,25
335,0.8999999999999997,1.0,false,25
336,0.8799999999999994,1.0,false,25
337,0.8599999999999995,1.0,false,25
338,0.8399999999999999,1.0,false,25
339,0.8200000000000002,1.0,false,25
340,0.8000000000000003,1.0,false,25
341,0.7799999999999998,1.0,false,25
342,0.7599999999999997,1.0,false,25
343,0.7399999999999999,1.0,false,25
344,0.7199999999999993,1.0,false,25
345,0.6999999999999994,1.0,false,0
346,0.6799999999999997,1.0,false,0
347,0.66,1.0,false,0
348,0.6400000000000001,1.0,false,0
349,0.6199999999999993,1.0,false,0
350,0.5999999999999996,1.0,false,0
351,0.58,1.0,false,0
352,0.5599999999999993,1.0,false,0
353,0.5399999999999993,1.0,false,0
354,0.5199999999999996,1.0,false,0
355,0.49999999999999983,1.0,false,0
356,0.47999999999999987,1.0,false,0
357,0.45999999999999924,1.0,false,0
358,0.4399999999999995,1.0,false,0
359,0.4199999999999997,1.0,false,0
360,0.3999999999999993,1.0,true,0
361,0.44999999999999934,1.0,true,0
362,0.49999999999999956,1.0,true,0
363,0.5499999999999994,1.0,true,0
364,0.5999999999999995,1.0,true,0
365,0.6499999999999999,1.0,true,0
366,0.6999999999999994,1.0,true,0
367,0.7499999999999999,1.0,true,25
368,0.7999999999999996,1.0,true,25
369,0.8500000000000001,1.0,true,25
370,0.8999999999999996,1.0,true,25
371,0.9499999999999996,1.0,true,25
372,0.9999999999999999,1.0,true,25
373,1.0,1.0,true,25
374,1.0,1.0,true,25
375,1.0,1.0,true,25
376,1.0,1.0,true,25
377,1.0,1.0,true,25
378,1.0,1.0,true,25
379,1.0,1.0,true,25
380,1.0,1.0,true,25
381,1.0,1.0,true,25
382,1.0,1.0,true,25
383,1.0,1.0,true,25
384,1.0,1.0,true,25
385,1.0,1.0,true,25
386,1.0,1.0,true,25
387,1.0,1.0,true,25
388,1.0,1.0,true,25
389,1.0,1.0,true,25
390,1.0,1.0,false,25
391,0.9800000000000003,1.0,false,25
392,0.9600000000000005,1.0,false,25
393,0.9400000000000002,1.0,false,25
394,0.9200000000000003,1.0,false,25
395,0.8999999999999997,1.0,false,25
396,0.8799999999999994,1.0,false,25
397,0.8599999999999995,1.0,false,25
398,0.8399999999999999,1.0,false,25
399,0.8200000000000002,1.0,false,25
400,0.8000000000000003,1.0,false,25
401,0.7799999999999998,1.0,false,25
402,0.7599999999999997,1.0,false,25
403,0.7399999999999999,1.0,false,25
404,0.7199999999999993,1.0,false,25
405,0.6999999999999994,1.0,false,0
406,0.6799999999999997,1.0,false,0
407,0.66,1.0,false,0
408,0.6400000000000001,1.0,false,0
409,0.6199999999999993,1.0,false,0
410,0.5999999999999996,1.0,false,0
411,0.58,1.0,false,0
412,0.5599999999999993,1.0,false,0
413,0.5399999999999993,1.0,false,0
414,0.5199999999999996,1.0,false,0
415,0.49999999999999983,1.0,false,0
416,0.47999999999999987,1.0,false,0
417,0.45999999999999924,1.0,false,0
418,0.4399999999999995,1.0,false,0
419,0.4199999999999997,1.0,false,0
420,0.3999999999999993,1.0,true,0
421,0.44999999999999934,1.0,true,0
422,0.49999999999999956,1.0,true,0
423,0.5499999999999994,1.0,true,0
424,0.5999999999999995,1.0,true,0
425,0.6499999999999999,1.0,true,0
426,0.6999999999999994,1.0,true,0
427,0.7499999999999999,1.0,true,25
428,0.7999999999999996,1.0,true,25
429,0.8500000000000001,1.0,true,25
430,0.8999999999999996,1.0,true,25
431,0.9499999999999996,1.0,true,25
432,0.9999999999999999,1.0,true,25
433,1.0,1.0,true,25
434,1.0,1.0,true,25
435,1.0,1.0,true,25
436,1.0,1.0,true,25
437,1.0,1.0,true,25
438,1.0,1.0,true,25
439,1.0,1.0,true,25
440,1.0,1.0,true,25
441,1.0,1.0,true,25
442,1.0,1.0,true,25
443,1.0,1.0,true,25
444,1.0,1.0,true,25
445,1.0,1.0,true,25
446,1.0,1.0,true,25
447,1.0,1.0,true,25
448,1.0,1.0,true,25
449,1.0,1.0,true,25
450,1.0,1.0,false,25
451,0.9800000000000003,1.0,false,25
452,0.9600000000000005,1.0,false,25
453,0.9400000000000002,1.0,false,25
454,0.9200000000000003,1.0,false,25
455,0.8999999999999997,1.0,false,25
456,0.8799999999999994,1.0,false,25
457,0.8599999999999995,1.0,false,25
458,0.8399999999999999,1.0,false,25
459,0.8200000000000002,1.0,false,25
460,0.8000000000000003,1.0,false,25
461,0.7799999999999998,1.0,false,25
462,0.7599999999999997,1.0,false,25
463,0.7399999999999999,1.0,false,25
464,0.7199999999999993,1.0,false,25
465,0.6999999999999994,1.0,false,0
466,0.6799999999999997,1.0,false,0
467,0.66,1.0,false,0
468,0.6400000000000001,1.0,false,0
469,0.6199999999999993,1.0,false,0
470,0.5999999999999996,1.0,false,0
471,0.58,1.0,false,0
472,0.5599999999999993,1.0,false,0
473,0.5399999999999993,1.0,false,0
474,0.5199999999999996,1.0,false,0
475,0.49999999999999983,1.0,false,0
476,0.47999999999999987,1.0,false,0
477,0.45999999999999924,1.0,false,0
478,0.4399999999999995,1.0,false,0
479,0.4199999999999997,1.0,false,0
480,0.3999999999999993,1.0,true,0
481,0.44999999999999934,1.0,true,0
482,0.49999999999999956,1.0,true,0
483,0.5499999999999994,1.0,true,0
484,0.5999999999999995,1.0,true,0
485,0.6499999999999999,1.0,true,0
486,0.6999999999999994,1.0,true,0
487,0.7499999999999999,1.0,true,25
488,0.7999999999999996,1.0,true,25
489,0.8500000000000001,1.0,true,25
490,0.8999999999999996,1.0,true,25
491,0.9499999999999996,1.0,true,25
492,0.9999999999999999,1.0,true,25
493,1.0,1.0,true,25
494,1.0,1.0,true,25
495,1.0,1.0,true,25
496,1.0,1.0,true,25
497,1.0,1.0,true,25
498,1.0,1.0,true,25
499,1.0,1.0,true,25
500,1.0,1.0,true,25
501,1.0,1.0,true,25
502,1.0,1.0,true,25
503,1.0,1.0,true,25
504,1.0,1.0,true,25
505,1.0,1.0,true,25
506,1.0,1.0,true,25
507,1.0,1.0,true,25
508,1.0,1.0,true,25
509,1.0,1.0,true,25
510,1.0,1.0,false,25
511,0.9800000000000003,1.0,false,25
512,0.9600000000000005,1.0,false,25
513,0.9400000000000002,1.0,false,25
514,0.9200000000000003,1.0,false,25
515,0.8999999999999997,1.0,false,25
516,0.8799999999999994,1.0,false,25
517,0.8599999999999995,1.0,false,25
518,0.8399999999999999,1.0,false,25
519,0.8200000000000002,1.0,false,25
520,0.8000000000000003,1.0,false,25
521,0.7799999999999998,1.0,false,25
522,0.7599999999999997,1.0,false,25
523,0.7399999999999999,1.0,false,25
524,0.7199999999999993,1.0,false,25
525,0.6999999999999994,1.0,false,0
526,0.6799999999999997,1.0,false,0
527,0.66,1.0,false,0
528,0.6400000000000001,1.0,false,0
529,0.6199999999999993,1.0,false,0
530,0.5999999999999996,1.0,false,0
531,0.58,1.0,false,0
532,0.5599999999999993,1.0,false,0
533,0.5399999999999993,1.0,false,0
534,0.5199999999999996,1.0,false,0
535,0.49999999999999983,1.0,false,0
536,0.47999999999999987,1.0,false,0
537,0.45999999999999924,1.0,false,0
538,0.4399999999999995,1.0,false,0
539,0.4199999999999997,1.0,false,0
540,0.3999999999999993,1.0,true,0
541,0.44999999999999934,1.0,true,0
542,0.49999999999999956,1.0,true,0
543,0.5499999999999994,1.0,true,0
544,0.5999999999999995,1.0,true,0
545,0.6499999999999999,1.0,true,0
546,0.6999999999999994,1.0,true,0
547,0.7499999999999999,1.0,true,25
548,0.7999999999999996,1.0,true,25
549,0.8500000000000001,1.0,true,25
550,0.8999999999999996,1.0,true,25
551,0.9499999999999996,1.0,true,25
552,0.9999999999999999,1.0,true,25
553,1.0,1.0,true,25
554,1.0,1.0,true,25
555,1.0,1.0,true,25
556,1.0,1.0,true,25
557,1.0,1.0,true,25
558,1.0,1.0,true,25
559,1.0,1.0,true,25
560,1.0,1.0,true,25
561,1.0,1.0,true,25
562,1.0,1.0,true,25
563,1.0,1.0,true,25
564,1.0,1.0,true,25
565,1.0,1.0,true,25
566,1.0,1.0,true,25
567,1.0,1.0,true,25
568,1.0,1.0,true,25
569,1.0,1.0,true,25
570,1.0,1.0,false,25
571,0.9800000000000003,1.0,false,25
572,0.9600000000000005,1.0,false,25
573,0.9400000000000002,1.0,false,25
574,0.9200000000000003,1.0,false,25
575,0.8999999999999997,1.0,false,25
576,0.8799999999999994,1.0,false,25
577,0.8599999999999995,1.0,false,25
578,0.8399999999999999,1.0,false,25
579,0.8200000000000002,1.0,false,25
580,0.8000000000000003,1.0,false,25
581,0.7799999999999998,1.0,false,25
582,0.7599999999999997,1.0,false,25
583,0.7399999999999999,1.0,false,25
584,0.7199999999999993,1.0,false,25
585,0.6999999999999994,1.0,false,0
586,0.6799999999999997,1.0,false,0
587,0.66,1.0,false,0
588,0.6400000000000001,1.0,false,0
589,0.6199999999999993,1.0,false,0
590,0.5999999999999996,1.0,false,0
591,0.58,1.0,false,0
592,0.5599999999999993,1.0,false,0
593,0.5399999999999993,1.0,false,0
594,0.5199999999999996,1.0,false,0
595,0.49999999999999983,1.0,false,0
596,0.47999999999999987,1.0,false,0
597,0.45999999999999924,1.0,false,0
598,0.4399999999999995,1.0,false,0
599,0.4199999999999997,1.0,false,0
600,0.3999999999999993,1.0,true,0
601,0.44999999999999934,1.0,true,0
602,0.49999999999999956,1.0,true,0
603,0.5499999999999994,1.0,true,0
604,0.5999999999999995,1.0,true,0
605,0.6499999999999999,1.0,true,0
606,0.6999999999999994,1.0,true,0
607,0.7499999999999999,1.0,true,25
608,0.7999999999999996,1.0,true,25
609,0.8500000000000001,1.0,true,25
610,0.8999999999999996,1.0,true,25
611,0.9499999999999996,1.0,true,25
612,0.9999999999999999,1.0,true,25
613,1.0,1.0,true,25
614,1.0,1.0,true,25
615,1.0,1.0,true,25
616,1.0,1.0,true,25
617,1.0,1.0,true,25
618,1.0,1.0,true,25
619,1.0,1.0,true,25
620,1.0,1.0,true,25
621,1.0,1.0,true,25
622,1.0,1.0,true,25
623,1.0,1.0,true,25
624,1.0,1.0,true,25
625,1.0,1.0,true,25
626,1.0,1.0,true,25
627,1.0,1.0,true,25
628,1.0,1.0,true,25
629,1.0,1.0,true,25
630,1.0,1.0,false,25
631,0.9800000000000003,1.0,false,25
632,0.9600000000000005,1.0,false,25
633,0.9400000000000002,1.0,false,25
634,0.9200000000000003,1.0,false,25
635,0.8999999999999997,1.0,false,25
636,0.8799999999999994,1.0,false,25
637,0.8599999999999995,1.0,false,25
638,0.8399999999999999,1.0,false,25
639,0.8200000000000002,1.0,false,25
640,0.8000000000000003,1.0,false,25
641,0.7799999999999998,1.0,false,25
642,0.7599999999999997,1.0,false,25
643,0.7399999999999999,1.0,false,25
644,0.7199999999999993,1.0,false,25
645,0.6999999999999994,1.0,false,0
646,0.6799999999999997,1.0,false,0
647,0.66,1.0,false,0
648,0.6400000000000001,1.0,false,0
649,0.6199999999999993,1.0,false,0
650,0.5999999999999996,1.0,false,0
651,0.58,1.0,false,0
652,0.5599999999999993,1.0,false,0
653,0.5399999999999993,1.0,false,0
654,0.5199999999999996,1.0,false,0
655,0.49999999999999983,1.0,false,0
656,0.47999999999999987,1.0,false,0
657,0.45999999999999924,1.0,false,0
658,0.4399999999999995,1.0,false,0
659,0.4199999999999997,1.0,false,0
660,0.3999999999999993,1.0,true,0
661,0.44999999999999934,1.0,true,0
662,0.49999999999999956,1.0,true,0
663,0.5499999999999994,1.0,true,0
664,0.5999999999999995,1.0,true,0
665,0.6499999999999999,1.0,true,0
666,0.6999999999999994,1.0,true,0
667,0.7499999999999999,1.0,true,25
668,0.7999999999999996,1.0,true,25
669,0.8500000000000001,1.0,true,25
670,0.8999999999999996,1.0,true,25
671,0.9499999999999996,1.0,true,25
672,0.9999999999999999,1.0,true,25
673,1.0,1.0,true,25
674,1.0,1.0,true,25
675,1.0,1.0,true,25
676,1.0,1.0,true,25
677,1.0,1.0,true,25
678,1.0,1.0,true,25
679,1.0,1.0,true,25
680,1.0,1.0,true,25
681,1.0,1.0,true,25
682,1.0,1.0,true,25
683,1.0,1.0,true,25
684,1.0,1.0,true,25
685,1.0,1.0,true,25
686,1.0,1.0,true,25
687,1.0,1.0,true,25
688,1.0,1.0,true,25
689,1.0,1.0,true,25
690,1.0,1.0,false,25
691,0.9800000000000003,1.0,false,25
692,0.9600000000000005,1.0,false,25
693,0.9400000000000002,1.0,false,25
694,0.9200000000000003,1.0,false,25
695,0.8999999999999997,1.0,false,25
696,0.8799999999999994,1.0,false,25
697,0.8599999999999995,1.0,false,25
698,0.8399999999999999,1.0,false,25
699,0.8200000000000002,1.0,false,25
700,0.8000000000000003,1.0,false,25
701,0.7799999999999998,1.0,false,25
702,0.7599999999999997,1.0,false,25
703,0.7399999999999999,1.0,false,25
704,0.7199999999999993,1.0,false,25
705,0.6999999999999994,1.0,false,0
706,0.6799999999999997,1.0,false,0
707,0.66,1.0,false,0
708,0.6400000000000001,1.0,false,0
709,0.6199999999999993,1.0,false,0
710,0.5999999999999996,1.0,false,0
711,0.58,1.0,false,0
712,0.5599999999999993,1.0,false,0
713,0.5399999999999993,1.0,false,0
714,0.5199999999999996,1.0,false,0
715,0.49999999999999983,1.0,false,0
716,0.47999999999999987,1.0,false,0
717,0.45999999999999924,1.0,false,0
718,0.4399999999999995,1.0,false,0
719,0.4199999999999997,1.0,false,0
720,0.3999999999999993,1.0,true,0
721,0.44999999999999934,1.0,true,0
722,0.49999999999999956,1.0,true,0
723,0.5499999999999994,1.0,true,0
724,0.5999999999999995,1.0,true,0
725,0.6499999999999999,1.0,true,0
726,0.6999999999999994,1.0,true,0
727,0.7499999999999999,1.0,true,25
728,0.7999999999999996,1.0,true,25
729,0.8500000000000001,1.0,true,25
730,0.8999999999999996,1.0,true,25
731,0.9499999999999996,1.0,true,25
732,0.9999999999999999,1.0,true,25
733,1.0,1.0,true,25
734,1.0,1.0,true,25
735,1.0,1.0,true,25
736,1.0,1.0,true,25
737,1.0,1.0,true,25
738,1.0,1.0,true,25
739,1.0,1.0,true,25
740,1.0,1.0,true,25
741,1.0,1.0,true,25
742,1.0,1.0,true,25
743,1.0,1.0,true,25
744,1.0,1.0,true,25
745,1.0,1.0,true,25
746,1.0,1.0,true,25
747,1.0,1.0,true,25
748,1.0,1.0,true,25
749,1.0,1.0,true,25
750,1.0,1.0,false,25
751,0.9800000000000003,1.0,false,25
752,0.9600000000000005,1.0,false,25
753,0.9400000000000002,1.0,false,25
754,0.9200000000000003,1.0,false,25
755,0.8999999999999997,1.0,false,25
756,0.8799999999999994,1.0,false,25
757,0.8599999999999995,1.0,false,25
758,0.8399999999999999,1.0,false,25
759,0.8200000000000002,1.0,false,25
760,0.8000000000000003,1.0,false,25
761,0.7799999999999998,1.0,false,25
762,0.7599999999999997,1.0,false,25
763,0.7399999999999999,1.0,false,25
764,0.7199999999999993,1.0,false,25
765,0.6999999999999994,1.0,false,0
766,0.6799999999999997,1.0,false,0
767,0.66,1.0,false,0
768,0.6400000000000001,1.0,false,0
769,0.6199999999999993,1.0,false,0
770,0.5999999999999996,1.0,false,0
771,0.58,1.0,false,0
772,0.5599999999999993,1.0,false,0
773,0.5399999999999993,1.0,false,0
774,0.5199999999999996,1.0,false,0
775,0.49999999999999983,1.0,false,0
776,0.47999999999999987,1.0,false,0
777,0.45999999999999924,1.0,false,0
778,0.4399999999999995,1.0,false,0
779,0.4199999999999997,1.0,false,0
780,0.3999999999999993,1.0,true,0
781,0.44999999999999934,1.0,true,0
782,0.49999999999999956,1.0,true,0
783,0.5499999999999994,1.0,true,0
784,0.5999999999999995,1.0,true,0
785,0.6499999999999999,1.0,true,0
786,0.6999999999999994,1.0,true,0
787,0.7499999999999999,1.0,true,25
788,0.7999999999999996,1.0,true,25
789,0.8500000000000001,1.0,true,25
790,0.8999999999999996,1.0,true,25
791,0.9499999999999996,1.0,true,25
792,0.9999999999999999,1.0,true,25
793,1.0,1.0,true,25
794,1.0,1.0,true,25
795,1.0,1.0,true,25
796,1.0,1.0,true,25
797,1.0,1.0,true,25
798,1.0,1.0,true,25
799,1.0,1.0,true,25
800,1.0,1.0,true,25
801,1.0,1.0,true,25
802,1.0,1.0,true,25
803,1.0,1.0,true,25
804,1.0,1.0,true,25
805,1.0,1.0,true,25
806,1.0,1.0,true,25
807,1.0,1.0,true,25
808,1.0,1.0,true,25
809,1.0,1.0,true,25
810,1.0,1.0,false,25
811,0.9800000000000003,1.0,false,25
812,0.9600000000000005,1.0,false,25
813,0.9400000000000002,1.0,false,25
814,0.9200000000000003,1.0,false,25
815,0.8999999999999997,1.0,false,25
816,0.8799999999999994,1.0,false,25
817,0.8599999999999995,1.0,false,25
818,0.8399999999999999,1.0,false,25
819,0.8200000000000002,1.0,false,25
820,0.8000000000000003,1.0,false,25
821,0.7799999999999998,1.0,false,25
822,0.7599999999999997,1.0,false,25
823,0.7399999999999999,1.0,false,25
824,0.7199999999999993,1.0,false,25
825,0.6999999999999994,1.0,false,0
826,0.6799999999999997,1.0,false,0
827,0.66,1.0,false,0
828,0.6400000000000001,1.0,false,0
829,0.6199999999999993,1.0,false,0
830,0.5999999999999996,1.0,false,0
831,0.58,1.0,false,0
832,0.5599999999999993,1.0,false,0
833,0.5399999999999993,1.0,false,0
834,0.5199999999999996,1.0,false,0
835,0.49999999999999983,1.0,false,0
836,0.47999999999999987,1.0,false,0
837,0.45999999999999924,1.0,false,0
838,0.4399999999999995,1.0,false,0
839,0.4199999999999997,1.0,false,0
840,0.3999999999999993,1.0,true,0
841,0.44999999999999934,1.0,true,0
842,0.49999999999999956,1.0,true,0
843,0.5499999999999994,1.0,true,0
844,0.5999999999999995,1.0,true,0
845,0.6499999999999999,1.0,true,0
846,0.6999999999999994,1.0,true,0
847,0.7499999999999999,1.0,true,25
848,0.7999999999999996,1.0,true,25
849,0.8500000000000001,1.0,true,25
850,0.8999999999999996,1.0,true,25
851,0.9499999999999996,1.0,true,25
852,0.9999999999999999,1.0,true,25
853,1.0,1.0,true,25
854,1.0,1.0,true,25
855,1.0,1.0,true,25
856,1.0,1.0,true,25
857,1.0,1.0,true,25
858,1.0,1.0,true,25
859,1.0,1.0,true,25
860,1.0,1.0,true,25
861,1.0,1.0,true,25
862,1.0,1.0,true,25
863,1.0,1.0,true,25
864,1.0,1.0,true,25
865,1.0,1.0,true,25
866,1.0,1.0,true,25
867,1.0,1.0,true,25
868,1.0,1.0,true,25
869,1.0,1.0,true,25
870,1.0,1.0,false,25
871,0.9800000000000003,1.0,false,25
872,0.9600000000000005,1.0,false,25
873,0.9400000000000002,1.0,false,25
874,0.9200000000000003,1.0,false,25
875,0.8999999999999997,1.0,false,25
876,0.8799999999999994,1.0,false,25
877,0.8599999999999995,1.0,false,25
878,0.8399999999999999,1.0,false,25
879,0.8200000000000002,1.0,false,25
880,0.8000000000000003,1.0,false,25
881,0.7799999999999998,1.0,false,25
882,0.7599999999999997,1.0,false,25
883,0.7399999999999999,1.0,false,25
884,0.7199999999999993,1.0,false,25
885,0.6999999999999994,1.0,false,0
886,0.6799999999999997,1.0,false,0
887,0.66,1.0,false,0
888,0.6400000000000001,1.0,false,0
889,0.6199999999999993,1.0,false,0
890,0.5999999999999996,1.0,false,0
891,0.58,1.0,false,0
892,0.5599999999999993,1.0,false,0
893,0.5399999999999993,1.0,false,0
894,0.5199999999999996,1.0,false,0
895,0.49999999999999983,1.0,false,0
896,0.47999999999999987,1.0,false,0
897,0.45999999999999924,1.0,false,0
898,0.4399999999999995,1.0,false,0
899,0.4199999999999997,1.0,false,0
900,0.3999999999999993,1.0,true,0
901,0.44999999999999934,1.0,true,0
902,0.49999999999999956,1.0,true,0
903,0.5499999999999994,1.0,true,0
904,0.5999999999999995,1.0,true,0
905,0.6499999999999999,1.0,true,0
906,0.6999999999999994,1.0,true,0
907,0.7499999999999999,1.0,true,25
908,0.7999999999999996,1.0,true,25
909,0.8500000000000001,1.0,true,25
910,0.8999999999999996,1.0,true,25
911,0.9499999999999996,1.0,true,25
912,0.9999999999999999,1.0,true,25
913,1.0,1.0,true,25
914,1.0,1.0,true,25
915,1.0,1.0,true,25
916,1.0,1.0,true,25
917,1.0,1.0,true,25
918,1.0,1.0,true,25
919,1.0,1.0,true,25
920,1.0,1.0,true,25
921,1.0,1.0,true,25
922,1.0,1.0,true,25
923,1.0,1.0,true,25
924,1.0,1.0,true,25
925,1.0,1.0,true,25
926,1.0,1.0,true,25
927,1.0,1.0,true,25
928,1.0,1.0,true,25
929,1.0,1.0,true,25
930,1.0,1.0,false,25
931,0.9800000000000003,1.0,false,25
932,0.9600000000000005,1.0,false,25
933,0.9400000000000002,1.0,false,25
934,0.9200000000000003,1.0,false,25
935,0.8999999999999997,1.0,false,25
936,0.8799999999999994,1.0,false,25
937,0.8599999999999995,1.0,false,25
938,0.8399999999999999,1.0,false,25
939,0.8200000000000002,1.0,false,25
940,0.8000000000000003,1.0,false,25
941,0.7799999999999998,1.0,false,25
942,0.7599999999999997,1.0,false,25
943,0.7399999999999999,1.0,false,25
944,0.7199999999999993,1.0,false,25
945,0.6999999999999994,1.0,false,0
946,0.6799999999999997,1.0,false,0
947,0.66,1.0,false,0
948,0.6400000000000001,1.0,false,0
949,0.6199999999999993,1.0,false,0
950,0.5999999999999996,1.0,false,0
951,0.58,1.0,false,0
952,0.5599999999999993,1.0,false,0
953,0.5399999999999993,1.0,false,0
954,0.5199999999999996,1.0,false,0
955,0.49999999999999983,1.0,false,0
956,0.47999999999999987,1.0,false,0
957,0.45999999999999924,1.0,false,0
958,0.4399999999999995,1.0,false,0
959,0.4199999999999997,1.0,false,0
960,0.3999999999999993,1.0,true,0
961,0.44999999999999934,1.0,true,0
962,0.49999999999999956,1.0,true,0
963,0.5499999999999994,1.0,true,0
964,0.5999999999999995,1.0,true,0
965,0.6499999999999999,1.0,true,0
966,0.6999999999999994,1.0,true,0
967,0.7499999999999999,1.0,true,25
968,0.7999999999999996,1.0,true,25
969,0.8500000000000001,1.0,true,25
970,0.8999999999999996,1.0,true,25
971,0.9499999999999996,1.0,true,25
972,0.9999999999999999,1.0,true,25
973,1.0,1.0,true,25
974,1.0,1.0,true,25
975,1.0,1.0,true,25
976,1.0,1.0,true,25
977,1.0,1.0,true,25
978,1.0,1.0,true,25
979,1.0,1.0,true,25
980,1.0,1.0,true,25
981,1.0,1.0,true,25
982,1.0,1.0,true,25
983,1.0,1.0,true,25
984,1.0,1.0,true,25
985,1.0,1.0,true,25
986,1.0,1.0,true,25
987,1.0,1.0,true,25
988,1.0,1.0,true,25
989,1.0,1.0,true,25
990,1.0,1.0,false,25
991,0.9800000000000003,1.0,false,25
992,0.9600000000000005,1.0,false,25
993,0.9400000000000002,1.0,false,25
994,0.9200000000000003,1.0,false,25
995,0.8999999999999997,1.0,false,25
996,0.8799999999999994,1.0,false,25
997,0.8599999999999995,1.0,false,25
998,0.8399999999999999,1.0,false,25
999,0.8200000000000002,1.0,false,25
1000,0.8000000000000003,1.0,false,25
1001,0.7799999999999998,1.0,false,25
1002,0.7599999999999997,1.0,false,25
1003,0.7399999999999999,1.0,false,25
1004,0.7199999999999993,1.0,false,25
1005,0.6999999999999994,1.0,false,0
1006,0.6799999999999997,1.0,false,0
1007,0.66,1.0,false,0
1008,0.6400000000000001,1.0,false,0
1009,0.6199999999999993,1.0,false,0
1010,0.5999999999999996,1.0,false,0
1011,0.58,1.0,false,0
1012,0.5599999999999993,1.0,false,0
1013,0.5399999999999993,1.0,false,0
1014,0.5199999999999996,1.0,false,0
1015,0.49999999999999983,1.0,false,0
1016,0.47999999999999987,1.0,false,0
1017,0.45999999999999924,1.0,false,0
1018,0.4399999999999995,1.0,false,0
1019,0.4199999999999997,1.0,false,0
1020,0.3999999999999993,1.0,true,0
1021,0.44999999999999934,1.0,true,0
1022,0.49999999999999956,1.0,true,0
1023,0.5499999999999994,1.0,true,0
1024,0.5999999999999995,1.0,true,0
1025,0.6499999999999999,1.0,true,0
1026,0.6999999999999994,1.0,true,0
1027,0.7499999999999999,1.0,true,25
1028,0.7999999999999996,1.0,true,25
1029,0.8500000000000001,1.0,true,25
1030,0.8999999999999996,1.0,true,25
1031,0.9499999999999996,1.0,true,25
1032,0.9999999999999999,1.0,true,25
1033,1.0,1.0,true,25
1034,1.0,1.0,true,25
1035,1.0,1.0,true,25
1036,1.0,1.0,true,25
1037,1.0,1.0,true,25
1038,1.0,1.0,true,25
1039,1.0,1.0,true,25
1040,1.0,1.0,true,25
1041,1.0,1.0,true,25
1042,1.0,1.0,true,25
1043,1.0,1.0,true,25
1044,1.0,1.0,true,25
1045,1.0,1.0,true,25
1046,1.0,1.0,true,25
1047,1.0,1.0,true,25
1048,1.0,1.0,true,25
1049,1.0,1.0,true,25
1050,1.0,1.0,false,25
1051,0.9800000000000003,1.0,false,25
1052,0.9600000000000005,1.0,false,25
1053,0.9400000000000002,1.0,false,25
1054,0.9200000000000003,1.0,false,25
1055,0.8999999999999997,1.0,false,25
1056,0.8799999999999994,1.0,false,25
1057,0.8599999999999995,1.0,false,25
1058,0.8399999999999999,1.0,false,25
1059,0.8200000000000002,1.0,false,25
1060,0.8000000000000003,1.0,false,25
1061,0.7799999999999998,1.0,false,25
1062,0.7599999999999997,1.0,false,25
1063,0.7399999999999999,1.0,false,25
1064,0.7199999999999993,1.0,false,25
1065,0.6999999999999994,1.0,false,0
1066,0.6799999999999997,1.0,false,0
1067,0.66,1.0,false,0
1068,0.6400000000000001,1.0,false,0
1069,0.6199999999999993,1.0,false,0
1070,0.5999999999999996,1.0,false,0
1071,0.58,1.0,false,0
1072,0.5599999999999993,1.0,false,0
1073,0.5399999999999993,1.0,false,0
1074,0.5199999999999996,1.0,false,0
1075,0.49999999999999983,1.0,false,0
1076,0.47999999999999987,1.0,false,0
1077,0.45999999999999924,1.0,false,0
1078,0.4399999999999995,1.0,false,0
1079,0.4199999999999997,1.0,false,0
1080,0.3999999999999993,1.0,true,0
1081,0.44999999999999934,1.0,true,0
1082,0.49999999999999956,1.0,true,0
1083,0.5499999999999994,1.0,true,0
1084,0.5999999999999995,1.0,true,0
1085,0.6499999999999999,1.0,true,0
1086,0.6999999999999994,1.0,true,0
1087,0.7499999999999999,1.0,true,25
1088,0.7999999999999996,1.0,true,25
1089,0.8500000000000001,1.0,true,25
1090,0.8999999999999996,1.0,true,25
1091,0.9499999999999996,1.0,true,25
1092,0.9999999999999999,1.0,true,25
1093,1.0,1.0,true,25
1094,1.0,1.0,true,25
1095,1.0,1.0,true,25
1096,1.0,1.0,true,25
1097,1.0,1.0,true,25
1098,1.0,1.0,true,25
1099,1.0,1.0,true,25
1100,1.0,1.0,true,25
1101,1.0,1.0,true,25
1102,1.0,1.0,true,25
1103,1.0,1.0,true,25
1104,1.0,1.0,true,25
1105,1.0,1.0,true,25
1106,1.0,1.0,true,25
1107,1.0,1.0,true,25
1108,1.0,1.0,true,25
1109,1.0,1.0,true,25
1110,1.0,1.0,false,25
1111,0.9800000000000003,1.0,false,25
1112,0.9600000000000005,1.0,false,25
1113,0.9400000000000002,1.0,false,25
1114,0.9200000000000003,1.0,false,25
1115,0.8999999999999997,1.0,false,25
1116,0.8799999999999994,1.0,false,25
1117,0.8599999999999995,1.0,false,25
1118,0.8399999999999999,1.0,false,25
1119,0.8200000000000002,1.0,false,25
1120,0.8000000000000003,1.0,false,25
1121,0.7799999999999998,1.0,false,25
1122,0.7599999999999997,1.0,false,25
1123,0.7399999999999999,1.0,false,25
1124,0.7199999999999993,1.0,false,25
1125,0.6999999999999994,1.0,false,0
1126,0.6799999999999997,1.0,false,0
1127,0.66,1.0,false,0
1128,0.6400000000000001,1.0,false,0
1129,0.6199999999999993,1.0,false,0
1130,0.5999999999999996,1.0,false,0
1131,0.58,1.0,false,0
1132,0.5599999999999993,1.0,false,0
1133,0.5399999999999993,1.0,false,0
1134,0.5199999999999996,1.0,false,0
1135,0.49999999999999983,1.0,false,0
1136,0.47999999999999987,1.0,false,0
1137,0.45999999999999924,1.0,false,0
1138,0.4399999999999995,1.0,false,0
1139,0.4199999999999997,1.0,false,0
1140,0.3999999999999993,1.0,true,0
1141,0.44999999999999934,1.0,true,0
1142,0.49999999999999956,1.0,true,0
1143,0.5499999999999994,1.0,true,0
1144,0.5999999999999995,1.0,true,0
1145,0.6499999999999999,1.0,true,0
1146,0.6999999999999994,1.0,true,0
1147,0.7499999999999999,1.0,true,25
1148,0.7999999999999996,1.0,true,25
1149,0.8500000000000001,1.0,true,25
1150,0.8999999999999996,1.0,true,25
1151,0.9499999999999996,1.0,true,25
1152,0.9999999999999999,1.0,true,25
1153,1.0,1.0,true,25
1154,1.0,1.0,true,25
1155,1.0,1.0,true,25
1156,1.0,1.0,true,25
1157,1.0,1.0,true,25
1158,1.0,1.0,true,25
1159,1.0,1.0,true,25
1160,1.0,1.0,true,25
1161,1.0,1.0,true,25
1162,1.0,1.0,true,25
1163,1.0,1.0,true,25
1164,1.0,1.0,true,25
1165,1.0,1.0,true,25
1166,1.0,1.0,true,25
1167,1.0,1.0,true,25
1168,1.0,1.0,true,25
1169,1.0,1.0,true,25
1170,1.0,1.0,false,25
1171,0.9800000000000003,1.0,false,25
1172,0.9600000000000005,1.0,false,25
1173,0.9400000000000002,1.0,false,25
1174,0.9200000000000003,1.0,false,25
1175,0.8999999999999997,1.0,false,25
1176,0.8799999999999994,1.0,false,25
1177,0.8599999999999995,1.0,false,25
1178,0.8399999999999999,1.0,false,25
1179,0.8200000000000002,1.0,false,25
1180,0.8000000000000003,1.0,false,25
1181,0.7799999999999998,1.0,false,25
1182,0.7599999999999997,1.0,false,25
1183,0.7399999999999999,1.0,false,25
1184,0.7199999999999993,1.0,false,25
1185,0.6999999999999994,1.0,false,0
1186,0.6799999999999997,1.0,false,0
1187,0.66,1.0,false,0
1188,0.6400000000000001,1.0,false,0
1189,0.6199999999999993,1.0,false,0
1190,0.5999999999999996,1.0,false,0
1191,0.58,1.0,false,0
1192,0.5599999999999993,1.0,false,0
1193,0.5399999999999993,1.0,false,0
1194,0.5199999999999996,1.0,false,0
1195,0.49999999999999983,1.0,false,0
1196,0.47999999999999987,1.0,false,0
1197,0.45999999999999924,1.0,false,0
1198,0.4399999999999995,1.0,false,0
1199,0.4199999999999997,1.0,false,0
1200,0.3999999999999993,1.0,true,0
1201,0.44999999999999934,1.0,true,0
1202,0.49999999999999956,1.0,true,0
1203,0.5499999999999994,1.0,true,0
1204,0.5999999999999995,1.0,true,0
1205,0.6499999999999999,1.0,true,0
1206,0.6999999999999994,1.0,true,0
1207,0.7499999999999999,1.0,true,25
1208,0.7999999999999996,1.0,true,25
1209,0.8500000000000001,1.0,true,25
1210,0.8999999999999996,1.0,true,25
1211,0.9499999999999996,1.0,true,25
1212,0.9999999999999999,1.0,true,25
1213,1.0,1.0,true,25
1214,1.0,1.0,true,25
1215,1.0,1.0,true,25
1216,1.0,1.0,true,25
1217,1.0,1.0,true,25
1218,1.0,1.0,true,25
1219,1.0,1.0,true,25
1220,1.0,1.0,true,25
1221,1.0,1.0,true,25
1222,1.0,1.0,true,25
1223,1.0,1.0,true,25
1224,1.0,1.0,true,25
1225,1.0,1.0,true,25
1226,1.0,1.0,true,25
1227,1.0,1.0,true,25
1228,1.0,1.0,true,25
1229,1.0,1.0,true,25
1230,1.0,1.0,false,25
1231,0.9800000000000003,1.0,false,25
1232,0.9600000000000005,1.0,false,25
1233,0.9400000000000002,1.0,false,25
1234,0.9200000000000003,1.0,false,25
1235,0.8999999999999997,1.0,false,25
1236,0.8799999999999994,1.0,false,25
1237,0.8599999999999995,1.0,false,25
1238,0.8399999999999999,1.0,false,25
1239,0.8200000000000002,1.0,false,25
1240,0.8000000000000003,1.0,false,25
1241,0.7799999999999998,1.0,false,25
1242,0.7599999999999997,1.0,false,25
1243,0.7399999999999999,1.0,false,25
1244,0.7199999999999993,1.0,false,25
1245,0.6999999999999994,1.0,false,0
1246,0.6799999999999997,1.0,false,0
1247,0.66,1.0,false,0
1248,0.6400000000000001,1.0,false,0
1249,0.6199999999999993,1.0,false,0
1250,0.5999999999999996,1.0,false,0
1251,0.58,1.0,false,0
1252,0.5599999999999993,1.0,false,0
1253,0.5399999999999993,1.0,false,0
1254,0.5199999999999996,1.0,false,0
1255,0.49999999999999983,1.0,false,0
1256,0.47999999999999987,1.0,false,0
1257,0.45999999999999924,1.0,false,0
1258,0.4399999999999995,1.0,false,0
1259,0.4199999999999997,1.0,false,0
1260,0.3999999999999993,1.0,true,0
1261,0.44999999999999934,1.0,true,0
1262,0.49999999999999956,1.0,true,0
1263,0.5499999999999994,1.0,true,0
1264,0.5999999999999995,1.0,true,0
1265,0.6499999999999999,1.0,true,0
1266,0.6999999999999994,1.0,true,0
1267,0.7499999999999999,1.0,true,25
1268,0.7999999999999996,1.0,true,25
1269,0.8500000000000001,1.0,true,25
1270,0.8999999999999996,1.0,true,25
1271,0.9499999999999996,1.0,true,25
1272,0.9999999999999999,1.0,true,25
1273,1.0,1.0,true,25
1274,1.0,1.0,true,25
1275,1.0,1.0,true,25
1276,1.0,1.0,true,25
1277,1.0,1.0,true,25
1278,1.0,1.0,true,25
1279,1.0,1.0,true,25
1280,1.0,1.0,true,25
1281,1.0,1.0,true,25
1282,1.0,1.0,true,25
1283,1.0,1.0,true,25
1284,1.0,1.0,true,25
1285,1.0,1.0,true,25
1286,1.0,1.0,true,25
1287,1.0,1.0,true,25
1288,1.0,1.0,true,25
1289,1.0,1.0,true,25
1290,1.0,1.0,false,25
1291,0.9800000000000003,1.0,false,25
1292,0.9600000000000005,1.0,false,25
1293,0.9400000000000002,1.0,false,25
1294,0.9200000000000003,1.0,false,25
1295,0.8999999999999997,1.0,false,25
1296,0.8799999999999994,1.0,false,25
1297,0.8599999999999995,1.0,false,25
1298,0.8399999999999999,1.0,false,25
1299,0.8200000000000002,1.0,false,25
1300,0.8000000000000003,1.0,false,25
1301,0.7799999999999998,1.0,false,25
1302,0.7599999999999997,1.0,false,25
1303,0.7399999999999999,1.0,false,25
1304,0.7199999999999993,1.0,false,25
1305,0.6999999999999994,1.0,false,0
1306,0.6799999999999997,1.0,false,0
1307,0.66,1.0,false,0
1308,0.6400000000000001,1.0,false,0
1309,0.6199999999999993,1.0,false,0
1310,0.5999999999999996,1.0,false,0
1311,0.58,1.0,false,0
1312,0.5599999999999993,1.0,false,0
1313,0.5399999999999993,1.0,false,0
1314,0.5199999999999996,1.0,false,0
1315,0.49999999999999983,1.0,false,0
1316,0.47999999999999987,1.0,false,0
1317,0.45999999999999924,1.0,false,0
1318,0.4399999999999995,1.0,false,0
1319,0.4199999999999997,1.0,false,0
1320,0.3999999999999993,1.0,true,0
1321,0.44999999999999934,1.0,true,0
1322,0.49999999999999956,1.0,true,0
1323,0.5499999999999994,1.0,true,0
1324,0.5999999999999995,1.0,true,0
1325,0.6499999999999999,1.0,true,0
1326,0.6999999999999994,1.0,true,0
1327,0.7499999999999999,1.0,true,25
1328,0.7999999999999996,1.0,true,25
1329,0.8500000000000001,1.0,true,25
1330,0.8999999999999996,1.0,true,25
1331,0.9499999999999996,1.0,true,25
1332,0.9999999999999999,1.0,true,25
1333,1.0,1.0,true,25
1334,1.0,1.0,true,25
1335,1.0,1.0,true,25
1336,1.0,1.0,true,25
1337,1.0,1.0,true,25
1338,1.0,1.0,true,25
1339,1.0,1.0,true,25
1340,1.0,1.0,true,25
1341,1.0,1.0,true,25
1342,1.0,1.0,true,25
1343,1.0,1.0,true,25
1344,1.0,1.0,true,25
1345,1.0,1.0,true,25
1346,1.0,1.0,true,25
1347,1.0,1.0,true,25
1348,1.0,1.0,true,25
1349,1.0,1.0,true,25
1350,1.0,1.0,false,25
1351,0.9800000000000003,1.0,false,25
1352,0.9600000000000005,1.0,false,25
1353,0.9400000000000002,1.0,false,25
1354,0.9200000000000003,1.0,false,25
1355,0.8999999999999997,1.0,false,25
1356,0.8799999999999994,1.0,false,25
1357,0.8599999999999995,1.0,false,25
1358,0.8399999999999999,1.0,false,25
1359,0.8200000000000002,1.0,false,25
1360,0.8000000000000003,1.0,false,25
1361,0.7799999999999998,1.0,false,25
1362,0.7599999999999997,1.0,false,25
1363,0.7399999999999999,1.0,false,25
1364,0.7199999999999993,1.0,false,25
1365,0.6999999999999994,1.0,false,0
1366,0.6799999999999997,1.0,false,0
1367,0.66,1.0,false,0
